raw_title,clean_title
APPLE IPHONE 15 PRO MAX 256GB BLK,Apple iPhone 15 Pro Max 256GB Black
samsung galaxy s24 ultra 512gb phantom black,Samsung Galaxy S24 Ultra 512GB Phantom Black
!!SALE!! Nike Air Max 90 sz10 wht,Nike Air Max 90 White Size 10
sony wh1000xm5 hdphn blk wrls noisecancelling,Sony WH-1000XM5 Wireless Noise-Cancelling Headphones Black
lg 55inch oled tv 4k smart webos 2023,LG 55-Inch 4K OLED Smart TV (2023)
Memory Card 64gb class 10 sd samsung,Samsung 64GB Class 10 SD Memory Card
DELL INSPIRON 15 LAPTOP I7 16GB RAM 512SSD WIN11,Dell Inspiron 15 Laptop Intel Core i7 16GB RAM 512GB SSD Windows 11
adidas ultraboost 23 running shoe mens sz9 wht/blk,Adidas Ultraboost 23 Men's Running Shoe White/Black Size 9
Canon EOS R50 mirrorless cam w/ 18-45mm lens kit blk,Canon EOS R50 Mirrorless Camera with 18-45mm Lens Kit Black
nespresso vertuo next coffee mach & espresso mkr blk,Nespresso Vertuo Next Coffee Machine & Espresso Maker Black
ASUS ROG STRIX G15 GAMING LAPTOP RTX3070 16GB 1TBSSD,Asus ROG Strix G15 Gaming Laptop RTX 3070 16GB RAM 1TB SSD
bosch cordless drill 18v 2x2.0ah battry set,Bosch 18V Cordless Drill with 2x2.0Ah Battery Set
PANASONIC LUMIX G100 VLOGGING CAMERA 4K,Panasonic Lumix G100 4K Vlogging Camera
fitbit charge 6 advanced fitness tracker blk,Fitbit Charge 6 Advanced Fitness Tracker Black
Apple AirPods Pro 2nd gen wrlss earbuds MagSafe,Apple AirPods Pro (2nd Generation) Wireless Earbuds with MagSafe
SAMSUNG 970 EVO PLUS 1TB NVME M.2 INTERNAL SSD,Samsung 970 EVO Plus 1TB NVMe M.2 Internal SSD
kindle paperwhite 11th gen 8gb waterproof e-reader,Kindle Paperwhite (11th Generation) 8GB Waterproof E-Reader
LOGITECH MX MASTER 3S WRLS MOUSE GRAPHITE,Logitech MX Master 3S Wireless Mouse Graphite
bose soundlink flex bluetooth portbl speaker navy,Bose SoundLink Flex Bluetooth Portable Speaker Navy
IPAD AIR 5TH GEN 64GB WIFI SPACE GREY,Apple iPad Air (5th Generation) 64GB Wi-Fi Space Grey
gopro hero12 black action cam bundle kit,GoPro HERO12 Black Action Camera Bundle Kit
microsoft surface pro 9 i5 16gb 256gb pltnm,Microsoft Surface Pro 9 Intel Core i5 16GB 256GB Platinum
PHILIPS HUE WHITE & COLOR AMBIANCE SMART BULB E27,Philips Hue White & Color Ambiance Smart Bulb E27
dyson v15 detect abslt cordless vacuum clnr,Dyson V15 Detect Absolute Cordless Vacuum Cleaner
SONY PLAYSTATION 5 CONSOLE DISC VERSION WHITE,Sony PlayStation 5 Console Disc Edition White
Xbox Series X 1TB Gaming Console Blk Matte,Xbox Series X 1TB Gaming Console Matte Black
anker 65w gan charger usb-c multiport desktop chrg,Anker 65W GaN USB-C Multi-Port Desktop Charger
CORSAIR K95 RGB PLATINUM MECH GAMING KEYBOARD CHERRY MX SPD,Corsair K95 RGB Platinum Mechanical Gaming Keyboard Cherry MX Speed
razer deathadder v3 pro wrls ergo gaming mouse,Razer DeathAdder V3 Pro Wireless Ergonomic Gaming Mouse
LG GRAM 16 ULTRALGHT LAPTOP I7 1280P 16GB 512GB,LG Gram 16 Ultra-Lightweight Laptop Intel Core i7 16GB 512GB
jbl flip 6 portbl bluetooth speaker waterproof red,JBL Flip 6 Portable Bluetooth Speaker Waterproof Red
GARMIN FENIX 7 SAPPHIRE SOLAR SMARTWATCH MULTISPORT,Garmin Fenix 7 Sapphire Solar Multisport Smartwatch
samsung 32 inch curved gaming moni 144hz 1ms va,Samsung 32-Inch Curved Gaming Monitor 144Hz 1ms VA
BOSE QUIETCOMFORT 45 BLUETOOTH HEADPHNS BLK,Bose QuietComfort 45 Bluetooth Headphones Black
nikon z50 mirrorless camera body only no lens,Nikon Z50 Mirrorless Camera Body Only
WESTERN DIGITAL MY PASSPORT 2TB EXT PORTBL HDD BLK USB3,Western Digital My Passport 2TB External Portable HDD Black USB 3.0
apple watch series 9 gps 45mm midnight alum,Apple Watch Series 9 GPS 45mm Midnight Aluminium
ECOVACS DEEBOT N8 PRO ROBOT VACUUM & MOP COMBO,Ecovacs Deebot N8 Pro Robot Vacuum & Mop Combo
lenovo tab p12 pro 12.6in tablet snapdragon 870 8gb 256gb,Lenovo Tab P12 Pro 12.6-Inch Tablet Snapdragon 870 8GB 256GB
SHURE MV7 USB PODCAST MICROPHONE BLK,Shure MV7 USB Podcast Microphone Black
tp-link deco xe75 ax5400 whole home mesh wifi 6e sys,TP-Link Deco XE75 AX5400 Whole Home Mesh Wi-Fi 6E System
WHIRLPOOL 7.4 CU FT ELEC DRYER WHITE ENERGY STAR,Whirlpool 7.4 Cu Ft Electric Dryer White Energy Star Certified
cuisinart 14-cup programmbl coffeemaker stainless,Cuisinart 14-Cup Programmable Coffeemaker Stainless Steel
SONY ALPHA A7 IV FULL FRAME MIRRORLESS CAMERA BODY,Sony Alpha A7 IV Full-Frame Mirrorless Camera Body
herman miller aeron chair fully adj sz b gph,Herman Miller Aeron Ergonomic Chair Fully Adjustable Size B Graphite
CRUCIAL T500 2TB GEN4 NVME M.2 SSD PCIE 4,Crucial T500 2TB Gen4 NVMe M.2 SSD PCIe 4.0
secretlab titan evo 2022 gaming chair med softweave,Secretlab Titan Evo 2022 Gaming Chair Medium SoftWeave
AMAZON ECHO DOT 5TH GEN SMART SPEAKER WITH ALEXA BLK,Amazon Echo Dot (5th Generation) Smart Speaker with Alexa Black
philips sonicare 9900 prestige toothbrush w sensiq,Philips Sonicare 9900 Prestige Electric Toothbrush with SenseIQ
JABRA EVOLVE2 85 UC STEREO WIRELESS HEADSET W/ STAND BLK,Jabra Evolve2 85 UC Stereo Wireless Headset with Stand Black
nintendo switch oled model white joy-con 64gb,Nintendo Switch OLED Model White Joy-Con 64GB
THERMALTAKE TOWER 900 FULL-TOWER ATX PC CASE BLK,Thermaltake Tower 900 Full-Tower ATX PC Case Black
steelseries arctis nova pro wireless gaming hdset pc+ps,SteelSeries Arctis Nova Pro Wireless Gaming Headset PC + PlayStation
NZXT H510 FLOW ATX MID TWR COMPACT PC CASE WHT,NZXT H510 Flow ATX Mid-Tower Compact PC Case White
lg ultrafine 27in 4k usb-c monitor ips nano,LG UltraFine 27-Inch 4K USB-C Monitor IPS Nano IPS
CORSAIR VENGEANCE RGB 32GB DDR5 5600MHZ DESKTOP RAM,Corsair Vengeance RGB 32GB DDR5 5600MHz Desktop RAM
amd ryzen 9 7900x3d box processor am5 skt,AMD Ryzen 9 7900X3D Boxed Processor AM5 Socket
NVIDIA GEFORCE RTX 4080 FOUNDERS EDITION 16GB GPU,Nvidia GeForce RTX 4080 Founders Edition 16GB Graphics Card
intel core i9-13900k unlckd desktop cpu lga1700,Intel Core i9-13900K Unlocked Desktop CPU LGA1700
ASUS ROG CROSSHAIR X670E HERO AMD AM5 ATX MOTHERBOARD,Asus ROG Crosshair X670E Hero AMD AM5 ATX Motherboard
be quiet dark rock pro 4 cpu air cooler 250w tdp,be quiet! Dark Rock Pro 4 CPU Air Cooler 250W TDP
FRACTAL DESIGN LUMEN S36 360MM AIO LIQUID COOLER BLK,Fractal Design Lumen S36 360mm AIO Liquid CPU Cooler Black
seasonic focus gx-1000 gold 1000w atx modular psu,Seasonic Focus GX-1000 Gold 1000W ATX Fully Modular PSU
SEAGATE IRONWOLF 8TB NAS HDD INTERNAL 3.5 SATA 7200RPM,Seagate IronWolf 8TB NAS Internal HDD 3.5-Inch SATA 7200RPM
logitech c922 pro stream webcam 1080p 30fps,Logitech C922 Pro Stream Webcam 1080p 30fps / 720p 60fps
ELGATO STREAM DECK MK.2 15-KEY LIVE PROD CONTROLLER,Elgato Stream Deck MK.2 15-Key Live Production Controller
blue yeti usb microphone for pc gaming podcast,Blue Yeti USB Microphone for PC Gaming Podcast Streaming
WACOM INTUOS PRO MEDIUM CREATIVE PEN TABLET PTH-660,Wacom Intuos Pro Medium Creative Pen Tablet PTH-660
hp laserjet pro m404dn mono laser printer duplex ntwrk,HP LaserJet Pro M404dn Monochrome Laser Printer Duplex Network
EPSON ECOTANK ET-2800 WIRELESS COLOR INKJET PRINTER,Epson EcoTank ET-2800 Wireless Color Inkjet Printer
brother hl-l2350dw compact mono laser printer wrls,Brother HL-L2350DW Compact Monochrome Laser Printer Wireless
xiaomi mi smart band 8 fitness tracker black,Xiaomi Mi Smart Band 8 Fitness Tracker Black
SAMSUNG GALAXY WATCH 6 CLASSIC 43MM BT GRAPHITE,Samsung Galaxy Watch 6 Classic 43mm Bluetooth Graphite
google pixel 8 pro 256gb obsidian unlckd,Google Pixel 8 Pro 256GB Obsidian Unlocked
ONEPLUS 12 512GB SILKY BLACK GLOBAL VERSION 5G,OnePlus 12 512GB Silky Black Global Version 5G
motorola edge 40 pro 256gb midnight blue 5g,Motorola Edge 40 Pro 256GB Midnight Blue 5G
SONY XPERIA 1 V 256GB PLATINUM SILVER 5G UNLOCKED,Sony Xperia 1 V 256GB Platinum Silver 5G Unlocked
asus zenfone 10 128gb starry blue compact flagship,Asus Zenfone 10 128GB Starry Blue Compact Flagship
IPHONE 14 CASE MAGSAFE COMPATIBLE CLEAR SHOCKPROOF,iPhone 14 MagSafe-Compatible Clear Shockproof Case
anker powercore 26800 portable charger dual usb,Anker PowerCore 26800 Portable Charger Dual USB
SAMSUNG 65IN QLED 4K SMART TV 2023 Q80C SERIES,Samsung 65-Inch QLED 4K Smart TV 2023 Q80C Series
tcl 55s546 55in qled tv dolby vision hdr smart,TCL 55S546 55-Inch QLED TV Dolby Vision HDR Smart
HISENSE 75A6H 75-INCH 4K UHD SMART GOOGLE TV,Hisense 75-Inch 4K UHD Smart Google TV
vizio 50in v-series 4k uhd led smart tv,Vizio 50-Inch V-Series 4K UHD LED Smart TV
ROKU STREAMING STICK 4K 2021 MODEL STREAMING DEVICE,Roku Streaming Stick 4K (2021) Streaming Device
fire tv stick 4k max streaming device wifi 6,Amazon Fire TV Stick 4K Max Streaming Device Wi-Fi 6
GOOGLE CHROMECAST WITH GOOGLE TV HD SNOW WHITE,Google Chromecast with Google TV HD Snow White
apple tv 4k 3rd gen 64gb wifi ethernet,Apple TV 4K (3rd Generation) 64GB Wi-Fi + Ethernet
NVIDIA SHIELD TV PRO 2019 STREAMING MEDIA PLAYER 4K HDR,Nvidia Shield TV Pro (2019) 4K HDR Streaming Media Player
tile mate 2022 bluetooth item finder 4pk wht,Tile Mate (2022) Bluetooth Item Finder 4-Pack White
APPLE AIRTAG 4 PACK ITEM TRACKER BLE U1 CHIP,Apple AirTag 4-Pack Item Tracker
ring video doorbell 4 1080p hd video wifi smart,Ring Video Doorbell 4 1080p HD Wi-Fi Smart
ARLO PRO 4 SPOTLIGHT CAMERA 2K HDR WIRE-FREE 2PK,Arlo Pro 4 Spotlight Camera 2K HDR Wire-Free 2-Pack
wyze cam v3 1080p hd indoor outdoor camera color night vis,Wyze Cam V3 1080p HD Indoor/Outdoor Camera Color Night Vision
EUFY SECURITY SOLOCAM S340 4K OUTDOOR WIFI,Eufy Security SoloCam S340 4K Outdoor Wi-Fi Camera
philips hue play gradient lightstrip 55-65in tvs,Philips Hue Play Gradient Lightstrip for 55-65 Inch TVs
GOVEE RGBICWW LED SMART LIGHT STRIPS 65.6FT,Govee RGBICWW LED Smart Light Strip 65.6ft
nanoleaf shapes triangle starter kit 9pk,Nanoleaf Shapes Triangles Smart Light Panels Starter Kit 9-Pack
APPLE PENCIL 2ND GEN FOR IPAD PRO & IPAD AIR,Apple Pencil (2nd Generation) for iPad Pro & iPad Air
samsung galaxy buds2 pro twst earbuds 24bit hi-fi,Samsung Galaxy Buds2 Pro True Wireless Earbuds 24-Bit Hi-Fi
SENNHEISER MOMENTUM TRUE WIRELESS 3 EARBUDS BLK,Sennheiser Momentum True Wireless 3 Earbuds Black
nothing ear 2 twst anc earbuds transparent,Nothing Ear (2) True Wireless ANC Earbuds Transparent
JABRA ELITE 10 TWS ENC EARBUDS ACTIVE NC DOLBY ATMOS,Jabra Elite 10 True Wireless Earbuds Active Noise Cancellation Dolby Atmos
technics eah-az80 twst nc earbuds hi-res wireless silver,Technics EAH-AZ80 True Wireless Noise-Cancelling Earbuds Hi-Res Silver
AUDIO-TECHNICA ATH-M50XBT2 WRLS OVER-EAR HEADPHN BLK,Audio-Technica ATH-M50xBT2 Wireless Over-Ear Headphones Black
beyerdynamic dt 700 pro x closed studio headphones 48ohm,Beyerdynamic DT 700 Pro X Closed-Back Studio Headphones 48 Ohm
RODE NT-USB+ PROFESSIONAL USB MICROPHONE PODCASTING,Rode NT-USB+ Professional USB Microphone for Podcasting
focusrite scarlett solo 4th gen usb audio interface,Focusrite Scarlett Solo (4th Generation) USB Audio Interface
insta360 x3 360 degree action camera waterproof 5.7k,Insta360 X3 360-Degree Action Camera Waterproof 5.7K
DJI MINI 4 PRO DRONE COMBO PLUS 4K HDR 20KM RANGE,DJI Mini 4 Pro Drone Combo Plus 4K HDR 20KM Range
MARANTZ NR1711 SLIM 7.2CH AV RECEIVER,Marantz NR1711 Slim 7.2Ch AV Receiver
ipad mini 6th gen 64gb wifi starlight 8.3in,Apple iPad Mini (6th Generation) 64GB Wi-Fi Starlight 8.3-Inch
MICROSOFT SURFACE GO 3 10.5IN TABLET I3 8GB 128GB,Microsoft Surface Go 3 10.5-Inch Tablet Intel Core i3 8GB 128GB
amazon fire hd 10 plus 10.1in tablet 64gb slate,Amazon Fire HD 10 Plus 10.1-Inch Tablet 64GB Slate
SAMSUNG GALAXY TAB S9 FE 10.9IN 128GB WIFI LAVENDER,Samsung Galaxy Tab S9 FE 10.9-Inch 128GB Wi-Fi Lavender
REMARKABLE 2 DIGITAL PAPER TABLET E-INK MARKER PLUS,reMarkable 2 Digital Paper Tablet E-Ink with Marker Plus
kobo elipsa 2e 10.3in e-reader stylus komfort light,Kobo Elipsa 2E 10.3-Inch E-Reader with Stylus ComfortLight Pro
ANKER SOLIX C1000 PORTABLE POWER STATION 1056WH,Anker Solix C1000 Portable Power Station 1056Wh Solar Generator
jackery explorer 2000 plus portable power station 2042wh,Jackery Explorer 2000 Plus Portable Power Station 2042Wh
EF ECOFLOW DELTA 2 MAX PORTABLE POWER STATION 2048WH,EcoFlow Delta 2 Max Portable Power Station 2048Wh
bluetti ac200p 2000wh portable power station solar gen,Bluetti AC200P 2000Wh Portable Power Station Solar Generator
GOAL ZERO YETI 1500X PORTABLE POWER STATION 1516WH,Goal Zero Yeti 1500X Portable Power Station 1516Wh
LOGITECH G PRO X SUPERLIGHT 2 WIRELESS GAMING MOUSE WHT,Logitech G Pro X Superlight 2 Wireless Gaming Mouse White
glorious model o 2 wireless gaming mouse matte wht,Glorious Model O 2 Wireless Gaming Mouse Matte White
ZOWIE EC2-CW WIRELESS ESPORTS GAMING MOUSE MED,Zowie EC2-CW Wireless eSports Gaming Mouse Medium
steelseries rival 3 wired gaming mouse 8500dpi 6btn,SteelSeries Rival 3 Wired Gaming Mouse 8500 DPI 6 Buttons
HYPERX ALLOY ORIGINS CORE TKL MECH GAMING KB RED SW,HyperX Alloy Origins Core TKL Mechanical Gaming Keyboard Red Switches
ducky one 3 mini 60pct rgb hot-swap mech keyboard cherry red,Ducky One 3 Mini 60% RGB Hot-Swap Mechanical Keyboard Cherry Red
KEYCHRON Q1 PRO WIRELESS CUSTOM MECH KEYBOARD,Keychron Q1 Pro QMK/VIA Wireless Custom Mechanical Keyboard
ALIENWARE AW2523HF 24.5IN FHD IPS 360HZ GAMING MON,Alienware AW2523HF 24.5-Inch FHD IPS 360Hz Gaming Monitor
asus rog swift pg32uqx 32in 4k 144hz mini-led gaming mon,Asus ROG Swift PG32UQX 32-Inch 4K 144Hz Mini-LED Gaming Monitor
LG 27GP950 ULTRAGEAR 27IN 4K NANO IPS 160HZ MON,LG 27GP950-B UltraGear 27-Inch 4K Nano IPS 160Hz Gaming Monitor
samsung odyssey neo g9 49in 32-9 dualqhd 240hz,Samsung Odyssey Neo G9 49-Inch 32:9 Dual QHD 240Hz Gaming Monitor
DELL S3222DGM 32IN QHD CURVED VA 165HZ GAMING MONITOR,Dell S3222DGM 32-Inch QHD Curved VA 165Hz Gaming Monitor
klipsch r-820f floorstanding speaker pair black,Klipsch R-820F Floorstanding Speaker Pair Black
SONOS ARC PREMIUM SMART SOUNDBAR DOLBY ATMOS BLACK,Sonos Arc Premium Smart Soundbar Dolby Atmos Black
yamaha yas-209 soundbar w subwoofer 2.1ch dts,Yamaha YAS-209 2.1Ch Soundbar with Wireless Subwoofer DTS Virtual:X
SAMSUNG HW-Q990C 11.1.4CH SOUNDBAR W REAR SPKRS,Samsung HW-Q990C 11.1.4Ch Soundbar with Rear Speakers & Subwoofer
denon avr-x2800h 7.2ch 8k av rcvr 95w w heos,Denon AVR-X2800H 7.2Ch 8K AV Receiver 95W with HEOS
AUTONOMOUS SMARTDESK PRO HEIGHT ADJ STANDING DESK WHT,Autonomous SmartDesk Pro Height-Adjustable Standing Desk White
flexispot e7 pro height adj desk 55x28 bamboo top blk frame,FlexiSpot E7 Pro Height-Adjustable Desk 55x28-Inch Bamboo Top Black Frame
herman miller embody gaming chair black glacier,Herman Miller Embody Gaming Chair Black with Glacier
SECRETLAB TITAN EVO 2022 GAMING CHAIR LRG SOFTWEAVE,Secretlab Titan Evo 2022 Gaming Chair Large SoftWeave
